cmhqvoxx6000ex7nlolxxgfha,REJECTED,Earphones,FOUND,Dan,Eve,"Mine (brand logo inside)",+91-5555,"2025-11-08 22:51:02"
cmhqvjnsu0008x7nlcnp1q8j4,APPROVED,"Water Bottle",FOUND,Alice,Cara,"That is mine",+91-1234,"2025-11-08 22:46:55"
cmhqt1l0u000lx7o910f92f7c,REJECTED,Bottle,FOUND,Alice,Bob,"Looks like mine",+91-1234,"2025-11-08 21:36:53"
cmhqsy44h000fx7o9ghjnzjyh,APPROVED,Calculator,FOUND,Alice,Bob,"It is mine",+91-9999,"2025-11-08 21:34:11"
cmhqsa1dh0005x7o9d40zj1ib,APPROVED,Calculator,FOUND,Alice,Bob,"It is mine",+91-9999,"2025-11-08 21:15:27"
cmhqrrcb70005x7iisl8vqlcy,PENDING,Calculator,FOUND,Alice,Bob,"It is mine",+91-9999,"2025-11-08 21:00:55"
cmhqrn0sm0005x7nwxiph65az,PENDING,Calculator,FOUND,Alice,Bob,"It is mine",+91-9999,"2025-11-08 20:57:34"
cmhqrisps000bx7r8o0fvzi3u,PENDING,Calculator,FOUND,Alice,Bob,"It is mine",+91-9999,"2025-11-08 20:54:17"
cmhqrg7oc0005x7r8pdgh4jez,PENDING,Calculator,FOUND,Alice,Bob,"It is mine",+91-9999,"2025-11-08 20:52:16"
cmhqmir050006x7vsqdut4t0e,PENDING,Wallet,FOUND,Alice,Alice,"Mine (ID card inside)","","2025-11-08 18:34:16"
